{"stats":{"minecraft:killed":{"minecraft:sheep":6,"minecraft:zombie":1,"minecraft:pig":21,"minecraft:enderman":1,"minecraft:cow":4},"minecraft:killed_by":{"minecraft:enderman":1},"minecraft:crafted":{"minecraft:oak_planks":72,"minecraft:cooked_porkchop":27,"minecraft:crafting_table":1,"comforts:sleeping_bag_white":1,"minecraft:wooden_pickaxe":1,"minecraft:stone_pickaxe":1,"minecraft:wooden_axe":1,"minecraft:stone_sword":1,"minecraft:furnace":1,"minecraft:stone_axe":1,"minecraft:air":0,"minecraft:cooked_mutton":10},"minecraft:picked_up":{"minecraft:stick":17,"minecraft:crafting_table":4,"minecraft:leather":3,"minecraft:porkchop":40,"minecraft:sand":6,"minecraft:oak_log":38,"minecraft:grass_block":1,"minecraft:cornflower":1,"minecraft:dirt":20,"minecraft:stone_sword":1,"minecraft:rotten_flesh":1,"minecraft:apple":1,"minecraft:stone_axe":1,"minecraft:wheat_seeds":9,"comforts:sleeping_bag_white":2,"minecraft:beef":9,"minecraft:stone_pickaxe":1,"minecraft:oak_sapling":22,"minecraft:mutton":10,"minecraft:white_wool":6,"minecraft:cobblestone":21,"minecraft:egg":1},"minecraft:used":{"minecraft:cooked_mutton":3,"minecraft:wooden_axe":40,"minecraft:stone_sword":70,"minecraft:apple":1,"minecraft:stone_pickaxe":17,"minecraft:wooden_pickaxe":21,"minecraft:stone_axe":36,"minecraft:dirt":20,"minecraft:sand":6,"minecraft:crafting_table":5,"minecraft:furnace":1,"comforts:sleeping_bag_white":2},"minecraft:custom":{"minecraft:time_since_rest":9526,"minecraft:interact_with_furnace":10,"minecraft:sprint_one_cm":90695,"minecraft:damage_taken":370,"minecraft:walk_one_cm":48947,"minecraft:mob_kills":33,"minecraft:drop":5,"minecraft:damage_dealt":3645,"minecraft:swim_one_cm":4200,"minecraft:interact_with_crafting_table":7,"minecraft:fly_one_cm":109268,"minecraft:crouch_one_cm":3289,"minecraft:play_time":27181,"tombstone:undead_killed":1,"minecraft:deaths":1,"minecraft:sneak_time":1539,"minecraft:walk_under_water_one_cm":316,"minecraft:jump":587,"minecraft:leave_game":4,"minecraft:time_since_death":14651,"minecraft:walk_on_water_one_cm":4497,"minecraft:sleep_in_bed":2,"minecraft:total_world_time":27181,"minecraft:fall_one_cm":12800},"minecraft:mined":{"minecraft:crafting_table":4,"minecraft:cornflower":1,"minecraft:grass":71,"minecraft:grass_block":19,"minecraft:oak_log":38,"minecraft:sand":6,"minecraft:dirt":1,"minecraft:tall_grass":27,"minecraft:stone":21,"minecraft:oak_leaves":3},"minecraft:dropped":{"minecraft:stone_axe":1,"minecraft:wheat_seeds":3,"minecraft:stone_sword":1,"minecraft:stone_pickaxe":1}},"DataVersion":3465}