{"stats":{"minecraft:picked_up":{"minecraft:wheat_seeds":5,"minecraft:sand":6,"minecraft:dirt":8},"minecraft:used":{"minecraft:dirt":8,"minecraft:sand":6},"minecraft:custom":{"minecraft:time_since_rest":3772,"minecraft:crouch_one_cm":1120,"minecraft:sprint_one_cm":12813,"minecraft:play_time":3772,"minecraft:damage_taken":20,"minecraft:walk_one_cm":4599,"minecraft:sneak_time":302,"minecraft:drop":2,"minecraft:jump":86,"minecraft:damage_dealt":179,"minecraft:leave_game":2,"minecraft:time_since_death":3772,"minecraft:total_world_time":3772,"minecraft:fall_one_cm":1569,"minecraft:fly_one_cm":11394},"minecraft:dropped":{"minecraft:wheat_seeds":3},"minecraft:mined":{"minecraft:grass":32,"minecraft:grass_block":8,"minecraft:sand":6,"minecraft:tall_grass":17}},"DataVersion":3465}